[{"fields": {"name": "\u666e\u901a\u7528\u6237\u7ec4", "permissions": []}, "model": "auth.group", "pk": 1}, {"fields": {"name": "\u4eba\u529b\u8d44\u6e90\u7ec4", "permissions": []}, "model": "auth.group", "pk": 2}, {"fields": {"username": "admin", "first_name": "", "last_name": "", "is_active": true, "is_superuser": true, "is_staff": true, "last_login": "2015-12-24T10:52:43.853", "groups": [], "user_permissions": [], "password": "pbkdf2_sha256$20000$heLXYlcJPa8e$N8lDvyTssxeAZS8rvjIxQuckYGjHed7WeQBFt+Gaszg=", "email": "", "date_joined": "2015-11-03T14:45:20.426"}, "model": "auth.user", "pk": 1}, {"fields": {"status": 20, "name": "\u8f7b\u4e91\u529e\u516cOA\u5957\u4ef6", "creator": 1, "created_at": "2015-12-23T21:27:44.396", "updated_at": "2015-12-23T21:27:44.396", "ptype": 27, "deleted_at": null}, "model": "crm.product", "pk": 1}, {"fields": {"status": 32, "scale": 23, "name": "\u56fd\u5bb6\u7535\u7f51", "creator": 1, "grade": 50, "last_contact_date": null, "created_at": "2015-12-24T10:58:50.451", "updated_at": "2015-12-24T10:58:50.451", "ctype": 38, "next_contact_date": null, "deleted_at": null, "assign_to": 2}, "model": "crm.customer", "pk": 1}, {"fields": {"qq": "1231231", "cellphone": "13800138000", "fax": "", "note": "", "creator": 1, "created_at": "2015-12-24T14:57:57.293", "sex": "male", "updated_at": "2015-12-24T14:57:57.293", "real_name": "\u674e\u56db", "job_status": 1, "customer": 1, "birthday": null, "status": 1, "location": "adfadfadfadsfadfadf", "department": "", "position": 0, "deleted_at": null, "email": "dfdf@fdf.com", "avatar": ""}, "model": "crm.contact", "pk": 1}, {"fields": {"customer": 1, "status": 1, "product": 1, "creator": 1, "last_contact_date": null, "created_at": "2015-12-24T15:58:57.755", "updated_at": "2015-12-24T15:58:57.755", "next_contact_date": null, "plan_amount": 200000.0, "order_status": 53, "deleted_at": null, "assign_to": 2, "deal_amount": 0.0}, "model": "crm.order", "pk": 1}, {"fields": {"status": 1, "contract_status": 64, "end_date": "2015-12-30", "creator": 1, "created_at": "2015-12-24T17:12:16.116", "number": "123456", "updated_at": "2015-12-24T17:12:16.116", "pay_status": 57, "amount": 20000.0, "start_date": "2015-12-25", "delivery_status": 61, "deleted_at": null, "order": 1}, "model": "crm.contract", "pk": 1}, {"fields": {"status": 0, "title": "from page", "receive": 1, "created_at": "2015-12-17T16:27:57.694", "creator": 1, "updated_at": "2015-12-17T16:27:57.694", "content": 11, "read_time": null, "send_time": "2015-12-17T16:27:57.695", "deleted_at": null}, "model": "messageset.notification", "pk": 5}, {"fields": {"status": 1, "title": "from page", "created_at": "2015-12-17T16:27:57.629", "creator": 1, "updated_at": "2015-12-17T16:27:57.629", "receivers": [1], "deleted_at": null, "contents": "from pagefrom pagefrom pagefrom pagefrom pagefrom pagefrom pagefrom pagefrom pagefrom pagefrom pagefrom pagefrom pagefrom pagefrom pagefrom page"}, "model": "messageset.notificationcontent", "pk": 11}, {"fields": {"qq": null, "cellphone": "13800138001", "creator": null, "created_at": "2015-12-17T10:42:28.157", "sex": "", "updated_at": "2015-12-17T10:42:28.157", "real_name": "\u5218\u5fb7\u5316", "job_status": 1, "birthday": null, "status": 1, "location": null, "department": 1, "position": 0, "deleted_at": null, "user": 1, "email": null, "avatar": "adminlte/user_avatar/client2.png"}, "model": "organization.staff", "pk": 2}, {"fields": {"status": 1, "rght": 4, "name": "\u4eba\u529b\u8d44\u6e90\u90e8", "parent": null, "creator": null, "created_at": "2015-12-17T10:42:28.157", "level": 0, "updated_at": "2015-12-17T10:42:28.157", "lft": 1, "tree_id": 1, "deleted_at": null, "company": 1}, "model": "organization.department", "pk": 1}, {"fields": {"status": 1, "rght": 3, "name": "\u4eba\u529b\u8d44\u6e90\u4e00\u90e8", "parent": 1, "creator": null, "created_at": "2015-12-17T10:42:28.157", "level": 1, "updated_at": "2015-12-17T10:42:28.157", "lft": 2, "tree_id": 1, "deleted_at": null, "company": 1}, "model": "organization.department", "pk": 2}, {"fields": {"status": 1, "rght": 4, "name": "ABB", "parent": null, "creator": null, "created_at": "2015-12-17T10:42:28.157", "level": 0, "updated_at": "2015-12-17T10:42:28.157", "lft": 1, "tree_id": 1, "deleted_at": null}, "model": "organization.company", "pk": 1}, {"fields": {"status": 1, "rght": 3, "name": "ABB\u4e00\u5206\u516c\u53f8", "parent": 1, "creator": null, "created_at": "2015-12-17T10:42:28.157", "level": 1, "updated_at": "2015-12-17T10:42:28.157", "lft": 2, "tree_id": 1, "deleted_at": null}, "model": "organization.company", "pk": 2}, {"fields": {"status": 1, "group": 1, "creator": null, "created_at": "2015-12-17T10:42:28.157", "updated_at": "2015-12-17T10:42:28.157", "menus": [8, 9, 10, 11], "deleted_at": null, "resources": [1]}, "model": "adminlte.permission", "pk": 1}, {"fields": {"status": 1, "group": 2, "creator": null, "created_at": "2015-12-17T10:42:28.157", "updated_at": "2015-12-17T10:42:28.157", "menus": [1, 15, 2, 3, 8, 9, 10, 11], "deleted_at": null, "resources": [1]}, "model": "adminlte.permission", "pk": 2}, {"fields": {"status": 1, "app_name": "adminlte", "creator": null, "url": "/api/v1/adminlte/systemconfig", "created_at": "2015-12-17T10:42:28.157", "updated_at": "2015-12-17T10:42:28.157", "note": "", "deleted_at": null, "model_name": "SystemConfig", "name": "\u83b7\u53d6\u7cfb\u7edf\u914d\u7f6e\u5217\u8868"}, "model": "adminlte.resource", "pk": 1}, {"fields": {"status": 1, "rght": 8, "name": "\u7ec4\u7ec7\u673a\u6784", "parent": null, "creator": null, "url": "", "created_at": "2015-12-17T10:42:28.157", "level": 0, "updated_at": "2015-12-17T10:42:28.157", "order": 100, "lft": 1, "tree_id": 3, "deleted_at": null, "app_name": "organization", "model_name": "", "icon": "fa-sitemap"}, "model": "adminlte.menu", "pk": 1}, {"fields": {"status": 1, "rght": 5, "name": "\u90e8\u95e8\u7ba1\u7406", "parent": 1, "creator": null, "url": "", "created_at": "2015-12-17T10:42:28.157", "level": 1, "updated_at": "2015-12-17T10:42:28.157", "order": 106, "lft": 4, "tree_id": 3, "deleted_at": null, "app_name": "organization", "model_name": "department", "icon": "fa-rocket"}, "model": "adminlte.menu", "pk": 2}, {"fields": {"status": 1, "rght": 7, "name": "\u5458\u5de5\u7ba1\u7406", "parent": 1, "creator": null, "url": "", "created_at": "2015-12-17T10:42:28.157", "level": 1, "updated_at": "2015-12-17T10:42:28.157", "order": 109, "lft": 6, "tree_id": 3, "deleted_at": null, "app_name": "organization", "model_name": "staff", "icon": "fa-user"}, "model": "adminlte.menu", "pk": 3}, {"fields": {"status": 1, "rght": 14, "name": "\u7cfb\u7edf\u914d\u7f6e", "parent": null, "creator": null, "url": "", "created_at": "2015-12-17T10:42:28.157", "level": 0, "updated_at": "2015-12-17T10:42:28.157", "order": 9000, "lft": 1, "tree_id": 6, "deleted_at": null, "app_name": "adminlte", "model_name": "", "icon": "fa-gears"}, "model": "adminlte.menu", "pk": 4}, {"fields": {"status": 1, "rght": 13, "name": "\u53c2\u6570\u914d\u7f6e", "parent": 4, "creator": null, "url": "", "created_at": "2015-12-17T10:42:28.157", "level": 1, "updated_at": "2015-12-17T10:42:28.157", "order": 9006, "lft": 12, "tree_id": 6, "deleted_at": null, "app_name": "adminlte", "model_name": "systemconfig", "icon": "fa-key"}, "model": "adminlte.menu", "pk": 5}, {"fields": {"status": 1, "rght": 7, "name": "\u83dc\u5355\u7ba1\u7406", "parent": 4, "creator": null, "url": "", "created_at": "2015-12-17T10:42:28.157", "level": 1, "updated_at": "2015-12-17T10:42:28.157", "order": 9003, "lft": 6, "tree_id": 6, "deleted_at": null, "app_name": "adminlte", "model_name": "menu", "icon": "fa-list"}, "model": "adminlte.menu", "pk": 6}, {"fields": {"status": 1, "rght": 9, "name": "\u8d44\u6e90\u7ba1\u7406", "parent": 4, "creator": null, "url": "", "created_at": "2015-12-17T10:42:28.157", "level": 1, "updated_at": "2015-12-17T10:42:28.157", "order": 9004, "lft": 8, "tree_id": 6, "deleted_at": null, "app_name": "adminlte", "model_name": "resource", "icon": "fa-bolt"}, "model": "adminlte.menu", "pk": 7}, {"fields": {"status": 1, "rght": 8, "name": "\u6d88\u606f\u4e2d\u5fc3", "parent": null, "creator": null, "url": "", "created_at": "2015-12-17T10:42:28.157", "level": 0, "updated_at": "2015-12-17T10:42:28.157", "order": 300, "lft": 1, "tree_id": 4, "deleted_at": null, "app_name": "messageset", "model_name": "", "icon": "fa-envelope"}, "model": "adminlte.menu", "pk": 8}, {"fields": {"status": 1, "rght": 3, "name": "\u7ad9\u5185\u4fe1", "parent": 8, "creator": null, "url": "", "created_at": "2015-12-17T10:42:28.157", "level": 1, "updated_at": "2015-12-17T10:42:28.157", "order": 301, "lft": 2, "tree_id": 4, "deleted_at": null, "app_name": "messageset", "model_name": "sitemailreceive", "icon": "fa-inbox"}, "model": "adminlte.menu", "pk": 9}, {"fields": {"status": 1, "rght": 5, "name": "\u7cfb\u7edf\u901a\u77e5", "parent": 8, "creator": null, "url": "", "created_at": "2015-12-17T10:42:28.157", "level": 1, "updated_at": "2015-12-17T10:42:28.157", "order": 303, "lft": 4, "tree_id": 4, "deleted_at": null, "app_name": "messageset", "model_name": "notification", "icon": "fa-bell-o"}, "model": "adminlte.menu", "pk": 10}, {"fields": {"status": 1, "rght": 7, "name": "\u540e\u53f0\u4efb\u52a1", "parent": 8, "creator": null, "url": "", "created_at": "2015-12-17T10:42:28.157", "level": 1, "updated_at": "2015-12-17T10:42:28.157", "order": 304, "lft": 6, "tree_id": 4, "deleted_at": null, "app_name": "messageset", "model_name": "task", "icon": "fa-tasks"}, "model": "adminlte.menu", "pk": 11}, {"fields": {"status": 1, "rght": 3, "name": "\u89d2\u8272\u7ba1\u7406", "parent": 4, "creator": null, "url": "", "created_at": "2015-12-17T10:42:28.157", "level": 1, "updated_at": "2015-12-17T10:42:28.157", "order": 9001, "lft": 2, "tree_id": 6, "deleted_at": null, "app_name": "adminlte", "model_name": "ltegroup", "icon": "fa-group"}, "model": "adminlte.menu", "pk": 12}, {"fields": {"status": 1, "rght": 11, "name": "\u6743\u9650\u7ba1\u7406", "parent": 4, "creator": null, "url": "", "created_at": "2015-12-17T10:42:28.157", "level": 1, "updated_at": "2015-12-17T10:42:28.157", "order": 9005, "lft": 10, "tree_id": 6, "deleted_at": null, "app_name": "adminlte", "model_name": "permission", "icon": "fa-lock"}, "model": "adminlte.menu", "pk": 13}, {"fields": {"status": 1, "rght": 5, "name": "\u7528\u6237\u7ba1\u7406", "parent": 4, "creator": null, "url": "", "created_at": "2015-12-17T10:42:28.157", "level": 1, "updated_at": "2015-12-17T10:42:28.157", "order": 9002, "lft": 4, "tree_id": 6, "deleted_at": null, "app_name": "adminlte", "model_name": "lteuser", "icon": "fa-male"}, "model": "adminlte.menu", "pk": 14}, {"fields": {"status": 1, "rght": 3, "name": "\u516c\u53f8\u7ba1\u7406", "parent": 1, "creator": null, "url": "", "created_at": "2015-12-17T10:42:28.157", "level": 1, "updated_at": "2015-12-17T10:42:28.157", "order": 101, "lft": 2, "tree_id": 3, "deleted_at": null, "app_name": "organization", "model_name": "company", "icon": "fa-bank"}, "model": "adminlte.menu", "pk": 15}, {"fields": {"status": 1, "rght": 12, "name": "\u5ba2\u6237\u5173\u7cfb", "parent": null, "creator": 1, "url": "", "created_at": "2015-12-23T20:50:07.708", "level": 0, "updated_at": "2015-12-23T20:50:07.708", "order": 400, "lft": 1, "tree_id": 5, "deleted_at": null, "app_name": "crm", "model_name": "", "icon": "fa-suitcase"}, "model": "adminlte.menu", "pk": 16}, {"fields": {"status": 1, "rght": 3, "name": "\u4ea7\u54c1", "parent": 16, "creator": 1, "url": "", "created_at": "2015-12-23T20:53:10.783", "level": 1, "updated_at": "2015-12-23T20:53:10.783", "order": 402, "lft": 2, "tree_id": 5, "deleted_at": null, "app_name": "crm", "model_name": "product", "icon": "fa-cubes"}, "model": "adminlte.menu", "pk": 17}, {"fields": {"status": 1, "rght": 5, "name": "\u5ba2\u6237", "parent": 16, "creator": 1, "url": "", "created_at": "2015-12-24T10:53:43.046", "level": 1, "updated_at": "2015-12-24T10:53:43.046", "order": 404, "lft": 4, "tree_id": 5, "deleted_at": null, "app_name": "crm", "model_name": "customer", "icon": "fa-heart"}, "model": "adminlte.menu", "pk": 18}, {"fields": {"status": 1, "rght": 7, "name": "\u8054\u7cfb\u4eba", "parent": 16, "creator": 1, "url": "", "created_at": "2015-12-24T14:55:51.616", "level": 1, "updated_at": "2015-12-24T14:55:51.616", "order": 406, "lft": 6, "tree_id": 5, "deleted_at": null, "app_name": "crm", "model_name": "contact", "icon": "fa-phone"}, "model": "adminlte.menu", "pk": 19}, {"fields": {"status": 1, "rght": 9, "name": "\u8ba2\u5355", "parent": 16, "creator": 1, "url": "", "created_at": "2015-12-24T15:55:39.092", "level": 1, "updated_at": "2015-12-24T15:55:39.092", "order": 407, "lft": 8, "tree_id": 5, "deleted_at": null, "app_name": "crm", "model_name": "order", "icon": "fa-check-circle"}, "model": "adminlte.menu", "pk": 20}, {"fields": {"status": 1, "rght": 11, "name": "\u5408\u540c", "parent": 16, "creator": 1, "url": "", "created_at": "2015-12-24T16:43:46.692", "level": 1, "updated_at": "2015-12-24T16:43:46.692", "order": 408, "lft": 10, "tree_id": 5, "deleted_at": null, "app_name": "crm", "model_name": "contract", "icon": "fa-book"}, "model": "adminlte.menu", "pk": 21}, {"fields": {"status": 1, "rght": 2, "level": 0, "name": "system_name", "parent": null, "creator": null, "created_at": "2015-12-17T10:42:28.157", "title": "\u7cfb\u7edf\u540d\u79f0", "updated_at": "2015-12-17T10:42:28.157", "value": "\u8f7b\u4e91\u529e\u516c\u5957\u4ef6", "lft": 1, "tree_id": 24, "deleted_at": null}, "model": "adminlte.systemconfig", "pk": 15}, {"fields": {"status": 1, "rght": 2, "level": 0, "name": "system_subhead", "parent": null, "creator": null, "created_at": "2015-12-17T10:42:28.157", "title": "\u7cfb\u7edf\u526f\u6807\u9898", "updated_at": "2015-12-17T10:42:28.157", "value": "\u4e13\u6ce8\u4e1a\u52a1 \u4eab\u53d7\u6781\u901f", "lft": 1, "tree_id": 25, "deleted_at": null}, "model": "adminlte.systemconfig", "pk": 16}, {"fields": {"status": 1, "rght": 8, "level": 0, "name": "product_status", "parent": null, "creator": 1, "created_at": "2015-12-23T17:08:27.408", "title": "\u4ea7\u54c1\u72b6\u6001", "updated_at": "2015-12-23T17:08:27.408", "value": "\u4ea7\u54c1\u72b6\u6001", "lft": 1, "tree_id": 22, "deleted_at": null}, "model": "adminlte.systemconfig", "pk": 18}, {"fields": {"status": 1, "rght": 3, "level": 1, "name": "developing", "parent": 18, "creator": 1, "created_at": "2015-12-23T17:09:03.189", "title": "developing", "updated_at": "2015-12-23T17:09:03.189", "value": "\u7814\u53d1\u4e2d", "lft": 2, "tree_id": 22, "deleted_at": null}, "model": "adminlte.systemconfig", "pk": 19}, {"fields": {"status": 1, "rght": 5, "level": 1, "name": "normal", "parent": 18, "creator": 1, "created_at": "2015-12-23T17:09:27.652", "title": "normal", "updated_at": "2015-12-23T17:09:27.652", "value": "\u6b63\u5e38", "lft": 4, "tree_id": 22, "deleted_at": null}, "model": "adminlte.systemconfig", "pk": 20}, {"fields": {"status": 1, "rght": 7, "level": 1, "name": "offline", "parent": 18, "creator": 1, "created_at": "2015-12-23T17:09:45.663", "title": "offline", "updated_at": "2015-12-23T17:09:45.663", "value": "\u4e0b\u7ebf", "lft": 6, "tree_id": 22, "deleted_at": null}, "model": "adminlte.systemconfig", "pk": 21}, {"fields": {"status": 1, "rght": 8, "level": 0, "name": "customer_scale", "parent": null, "creator": 1, "created_at": "2015-12-23T17:13:58.007", "title": "\u5ba2\u6237\u89c4\u6a21", "updated_at": "2015-12-23T17:13:58.007", "value": "\u5ba2\u6237\u89c4\u6a21", "lft": 1, "tree_id": 13, "deleted_at": null}, "model": "adminlte.systemconfig", "pk": 22}, {"fields": {"status": 1, "rght": 3, "level": 1, "name": "large", "parent": 22, "creator": 1, "created_at": "2015-12-23T17:14:27.880", "title": "\u5927\u578b", "updated_at": "2015-12-23T17:14:27.880", "value": "100\u4eba\u4ee5\u4e0a", "lft": 2, "tree_id": 13, "deleted_at": null}, "model": "adminlte.systemconfig", "pk": 23}, {"fields": {"status": 1, "rght": 5, "level": 1, "name": "middle", "parent": 22, "creator": 1, "created_at": "2015-12-23T17:14:43.727", "title": "\u4e2d\u578b", "updated_at": "2015-12-23T17:14:43.728", "value": "50-100\u4eba", "lft": 4, "tree_id": 13, "deleted_at": null}, "model": "adminlte.systemconfig", "pk": 24}, {"fields": {"status": 1, "rght": 7, "level": 1, "name": "small", "parent": 22, "creator": 1, "created_at": "2015-12-23T17:15:01.672", "title": "\u5c0f\u578b", "updated_at": "2015-12-23T17:15:01.672", "value": "50\u4eba\u4ee5\u4e0b", "lft": 6, "tree_id": 13, "deleted_at": null}, "model": "adminlte.systemconfig", "pk": 25}, {"fields": {"status": 1, "rght": 8, "level": 0, "name": "product_type", "parent": null, "creator": 1, "created_at": "2015-12-23T20:42:16.995", "title": "\u4ea7\u54c1\u7c7b\u578b", "updated_at": "2015-12-23T20:42:16.995", "value": "\u4ea7\u54c1\u7c7b\u578b", "lft": 1, "tree_id": 23, "deleted_at": null}, "model": "adminlte.systemconfig", "pk": 26}, {"fields": {"status": 1, "rght": 3, "level": 1, "name": "entity", "parent": 26, "creator": 1, "created_at": "2015-12-23T20:42:52.792", "title": "\u5b9e\u4f53\u7c7b", "updated_at": "2015-12-23T20:42:52.792", "value": "\u5b9e\u4f53\u7c7b", "lft": 2, "tree_id": 23, "deleted_at": null}, "model": "adminlte.systemconfig", "pk": 27}, {"fields": {"status": 1, "rght": 5, "level": 1, "name": "service", "parent": 26, "creator": 1, "created_at": "2015-12-23T20:43:12.669", "title": "\u670d\u52a1\u7c7b", "updated_at": "2015-12-23T20:43:12.669", "value": "\u670d\u52a1\u7c7b", "lft": 4, "tree_id": 23, "deleted_at": null}, "model": "adminlte.systemconfig", "pk": 28}, {"fields": {"status": 1, "rght": 7, "level": 1, "name": "virtual", "parent": 26, "creator": 1, "created_at": "2015-12-23T20:43:41.187", "title": "\u865a\u62df\u7c7b", "updated_at": "2015-12-23T20:43:41.187", "value": "\u865a\u62df\u7c7b", "lft": 6, "tree_id": 23, "deleted_at": null}, "model": "adminlte.systemconfig", "pk": 29}, {"fields": {"status": 1, "rght": 12, "level": 0, "name": "customer_status", "parent": null, "creator": 1, "created_at": "2015-12-24T09:56:41.737", "title": "\u5ba2\u6237\u72b6\u6001", "updated_at": "2015-12-24T09:56:41.737", "value": "\u5ba2\u6237\u72b6\u6001", "lft": 1, "tree_id": 16, "deleted_at": null}, "model": "adminlte.systemconfig", "pk": 30}, {"fields": {"status": 1, "rght": 9, "level": 1, "name": "potential", "parent": 30, "creator": 1, "created_at": "2015-12-24T09:57:05.109", "title": "\u6f5c\u5728", "updated_at": "2015-12-24T09:57:05.109", "value": "\u6f5c\u5728", "lft": 8, "tree_id": 16, "deleted_at": null}, "model": "adminlte.systemconfig", "pk": 31}, {"fields": {"status": 1, "rght": 5, "level": 1, "name": "intension", "parent": 30, "creator": 1, "created_at": "2015-12-24T09:57:43.389", "title": "\u610f\u5411", "updated_at": "2015-12-24T09:57:43.390", "value": "\u610f\u5411", "lft": 4, "tree_id": 16, "deleted_at": null}, "model": "adminlte.systemconfig", "pk": 32}, {"fields": {"status": 1, "rght": 11, "level": 1, "name": "signed", "parent": 30, "creator": 1, "created_at": "2015-12-24T09:58:04.965", "title": "\u5df2\u7b7e\u7ea6", "updated_at": "2015-12-24T09:58:04.965", "value": "\u5df2\u7b7e\u7ea6", "lft": 10, "tree_id": 16, "deleted_at": null}, "model": "adminlte.systemconfig", "pk": 33}, {"fields": {"status": 1, "rght": 7, "level": 1, "name": "payed", "parent": 30, "creator": 1, "created_at": "2015-12-24T09:58:33.254", "title": "\u5df2\u4ed8\u6b3e", "updated_at": "2015-12-24T09:58:33.254", "value": "\u5df2\u4ed8\u6b3e", "lft": 6, "tree_id": 16, "deleted_at": null}, "model": "adminlte.systemconfig", "pk": 34}, {"fields": {"status": 1, "rght": 3, "level": 1, "name": "failed", "parent": 30, "creator": 1, "created_at": "2015-12-24T09:58:54.372", "title": "\u5931\u8d25", "updated_at": "2015-12-24T09:58:54.372", "value": "\u5931\u8d25", "lft": 2, "tree_id": 16, "deleted_at": null}, "model": "adminlte.systemconfig", "pk": 35}, {"fields": {"status": 1, "rght": 18, "level": 0, "name": "customer_type", "parent": null, "creator": 1, "created_at": "2015-12-24T09:59:49.676", "title": "\u5ba2\u6237\u7c7b\u578b", "updated_at": "2015-12-24T09:59:49.677", "value": "\u5ba2\u6237\u7c7b\u578b", "lft": 1, "tree_id": 17, "deleted_at": null}, "model": "adminlte.systemconfig", "pk": 36}, {"fields": {"status": 1, "rght": 13, "level": 1, "name": "other", "parent": 36, "creator": 1, "created_at": "2015-12-24T10:00:15.493", "title": "\u5176\u4ed6", "updated_at": "2015-12-24T10:00:15.493", "value": "\u5176\u4ed6", "lft": 12, "tree_id": 17, "deleted_at": null}, "model": "adminlte.systemconfig", "pk": 37}, {"fields": {"status": 1, "rght": 11, "level": 1, "name": "national", "parent": 36, "creator": 1, "created_at": "2015-12-24T10:00:35.584", "title": "\u56fd\u6709\u4f01\u4e1a", "updated_at": "2015-12-24T10:00:35.584", "value": "\u56fd\u6709\u4f01\u4e1a", "lft": 10, "tree_id": 17, "deleted_at": null}, "model": "adminlte.systemconfig", "pk": 38}, {"fields": {"status": 1, "rght": 3, "level": 1, "name": "collective", "parent": 36, "creator": 1, "created_at": "2015-12-24T10:00:52.454", "title": "\u96c6\u4f53\u4f01\u4e1a", "updated_at": "2015-12-24T10:00:52.454", "value": "\u96c6\u4f53\u4f01\u4e1a", "lft": 2, "tree_id": 17, "deleted_at": null}, "model": "adminlte.systemconfig", "pk": 39}, {"fields": {"status": 1, "rght": 5, "level": 1, "name": "corporate", "parent": 36, "creator": 1, "created_at": "2015-12-24T10:01:06.647", "title": "\u80a1\u4efd\u4f01\u4e1a", "updated_at": "2015-12-24T10:01:06.647", "value": "\u80a1\u4efd\u4f01\u4e1a", "lft": 4, "tree_id": 17, "deleted_at": null}, "model": "adminlte.systemconfig", "pk": 40}, {"fields": {"status": 1, "rght": 9, "level": 1, "name": "limited", "parent": 36, "creator": 1, "created_at": "2015-12-24T10:01:22.335", "title": "\u6709\u9650\u516c\u53f8", "updated_at": "2015-12-24T10:01:22.335", "value": "\u6709\u9650\u516c\u53f8", "lft": 8, "tree_id": 17, "deleted_at": null}, "model": "adminlte.systemconfig", "pk": 41}, {"fields": {"status": 1, "rght": 15, "level": 1, "name": "partnership", "parent": 36, "creator": 1, "created_at": "2015-12-24T10:01:43.095", "title": "\u5408\u4f19\u4f01\u4e1a", "updated_at": "2015-12-24T10:01:43.095", "value": "\u5408\u4f19\u4f01\u4e1a", "lft": 14, "tree_id": 17, "deleted_at": null}, "model": "adminlte.systemconfig", "pk": 42}, {"fields": {"status": 1, "rght": 7, "level": 1, "name": "foreign", "parent": 36, "creator": 1, "created_at": "2015-12-24T10:01:59.487", "title": "\u5916\u8d44\u4f01\u4e1a", "updated_at": "2015-12-24T10:01:59.487", "value": "\u5916\u8d44\u4f01\u4e1a", "lft": 6, "tree_id": 17, "deleted_at": null}, "model": "adminlte.systemconfig", "pk": 43}, {"fields": {"status": 1, "rght": 17, "level": 1, "name": "personal", "parent": 36, "creator": 1, "created_at": "2015-12-24T10:02:14.442", "title": "\u4e2a\u4eba\u4e2a\u4f53", "updated_at": "2015-12-24T10:02:14.442", "value": "\u4e2a\u4eba\u4e2a\u4f53", "lft": 16, "tree_id": 17, "deleted_at": null}, "model": "adminlte.systemconfig", "pk": 44}, {"fields": {"status": 1, "rght": 14, "level": 0, "name": "customer_grade", "parent": null, "creator": 1, "created_at": "2015-12-24T10:04:21.731", "title": "\u5ba2\u6237\u7b49\u7ea7", "updated_at": "2015-12-24T10:04:21.731", "value": "\u5ba2\u6237\u7b49\u7ea7", "lft": 1, "tree_id": 15, "deleted_at": null}, "model": "adminlte.systemconfig", "pk": 45}, {"fields": {"status": 1, "rght": 13, "level": 1, "name": "Z", "parent": 45, "creator": 1, "created_at": "2015-12-24T10:13:18.980", "title": "\u672a\u77e5", "updated_at": "2015-12-24T10:13:18.980", "value": "\u672a\u77e5", "lft": 12, "tree_id": 15, "deleted_at": null}, "model": "adminlte.systemconfig", "pk": 46}, {"fields": {"status": 1, "rght": 3, "level": 1, "name": "A", "parent": 45, "creator": 1, "created_at": "2015-12-24T10:13:55.330", "title": "\u6709\u660e\u663e\u7684\u4e1a\u52a1\u9700\u6c42\uff0c\u9884\u8ba1\u4e00\u4e2a\u6708\u5185\u6210\u4ea4", "updated_at": "2015-12-24T10:13:55.330", "value": "\u6709\u660e\u663e\u7684\u4e1a\u52a1\u9700\u6c42\uff0c\u9884\u8ba1\u4e00\u4e2a\u6708\u5185\u6210\u4ea4", "lft": 2, "tree_id": 15, "deleted_at": null}, "model": "adminlte.systemconfig", "pk": 47}, {"fields": {"status": 1, "rght": 5, "level": 1, "name": "B", "parent": 45, "creator": 1, "created_at": "2015-12-24T10:14:17.975", "title": "\u6709\u660e\u663e\u7684\u4e1a\u52a1\u9700\u6c42\uff0c\u9884\u8ba1\u4e09\u4e2a\u6708\u5185\u6210\u4ea4", "updated_at": "2015-12-24T10:14:17.975", "value": "\u6709\u660e\u663e\u7684\u4e1a\u52a1\u9700\u6c42\uff0c\u9884\u8ba1\u4e09\u4e2a\u6708\u5185\u6210\u4ea4", "lft": 4, "tree_id": 15, "deleted_at": null}, "model": "adminlte.systemconfig", "pk": 48}, {"fields": {"status": 1, "rght": 7, "level": 1, "name": "C", "parent": 45, "creator": 1, "created_at": "2015-12-24T10:14:38.336", "title": "\u6709\u660e\u663e\u7684\u4e1a\u52a1\u9700\u6c42\uff0c\u9884\u8ba1\u534a\u5e74\u5185\u6210\u4ea4", "updated_at": "2015-12-24T10:14:38.336", "value": "\u6709\u660e\u663e\u7684\u4e1a\u52a1\u9700\u6c42\uff0c\u9884\u8ba1\u534a\u5e74\u5185\u6210\u4ea4", "lft": 6, "tree_id": 15, "deleted_at": null}, "model": "adminlte.systemconfig", "pk": 49}, {"fields": {"status": 1, "rght": 9, "level": 1, "name": "D", "parent": 45, "creator": 1, "created_at": "2015-12-24T10:14:49.801", "title": "\u6709\u6f5c\u5728\u7684\u4e1a\u52a1\u9700\u6c42\u6216\u8005\u81f3\u5c11\u534a\u5e74\u540e\u624d\u80fd\u6210\u4ea4", "updated_at": "2015-12-24T10:14:49.801", "value": "\u6709\u6f5c\u5728\u7684\u4e1a\u52a1\u9700\u6c42\u6216\u8005\u81f3\u5c11\u534a\u5e74\u540e\u624d\u80fd\u6210\u4ea4", "lft": 8, "tree_id": 15, "deleted_at": null}, "model": "adminlte.systemconfig", "pk": 50}, {"fields": {"status": 1, "rght": 11, "level": 1, "name": "E", "parent": 45, "creator": 1, "created_at": "2015-12-24T10:15:07.707", "title": "\u6ca1\u6709\u9700\u6c42\u6216\u8005\u6ca1\u6709\u4efb\u4f55\u6210\u4ea4\u673a\u4f1a", "updated_at": "2015-12-24T10:15:07.707", "value": "\u6ca1\u6709\u9700\u6c42\u6216\u8005\u6ca1\u6709\u4efb\u4f55\u6210\u4ea4\u673a\u4f1a", "lft": 10, "tree_id": 15, "deleted_at": null}, "model": "adminlte.systemconfig", "pk": 51}, {"fields": {"status": 1, "rght": 8, "level": 0, "name": "order_status", "parent": null, "creator": 1, "created_at": "2015-12-24T15:51:21.132", "title": "\u8ba2\u5355\u72b6\u6001", "updated_at": "2015-12-24T15:51:21.132", "value": "\u8ba2\u5355\u72b6\u6001", "lft": 1, "tree_id": 20, "deleted_at": null}, "model": "adminlte.systemconfig", "pk": 52}, {"fields": {"status": 1, "rght": 7, "level": 1, "name": "wait", "parent": 52, "creator": 1, "created_at": "2015-12-24T15:52:05.165", "title": "\u5f85\u7b7e\u7ea6", "updated_at": "2015-12-24T15:52:05.165", "value": "\u5f85\u7b7e\u7ea6", "lft": 6, "tree_id": 20, "deleted_at": null}, "model": "adminlte.systemconfig", "pk": 53}, {"fields": {"status": 1, "rght": 5, "level": 1, "name": "sign", "parent": 52, "creator": 1, "created_at": "2015-12-24T15:53:03.571", "title": "\u5df2\u7b7e\u7ea6", "updated_at": "2015-12-24T15:53:03.571", "value": "\u5df2\u7b7e\u7ea6", "lft": 4, "tree_id": 20, "deleted_at": null}, "model": "adminlte.systemconfig", "pk": 54}, {"fields": {"status": 1, "rght": 3, "level": 1, "name": "invalid", "parent": 52, "creator": 1, "created_at": "2015-12-24T15:53:23.077", "title": "\u4f5c\u5e9f", "updated_at": "2015-12-24T15:53:23.077", "value": "\u4f5c\u5e9f", "lft": 2, "tree_id": 20, "deleted_at": null}, "model": "adminlte.systemconfig", "pk": 55}, {"fields": {"status": 1, "rght": 8, "level": 0, "name": "pay_status", "parent": null, "creator": null, "created_at": "2015-12-24T16:56:00", "title": "\u4ed8\u6b3e\u72b6\u6001", "updated_at": "2015-12-24T16:56:00", "value": "\u4ed8\u6b3e\u72b6\u6001", "lft": 1, "tree_id": 21, "deleted_at": null}, "model": "adminlte.systemconfig", "pk": 56}, {"fields": {"status": 1, "rght": 7, "level": 1, "name": "waiting", "parent": 56, "creator": null, "created_at": "2015-12-24T16:57:00", "title": "\u7b49\u5f85\u4ed8\u6b3e", "updated_at": "2015-12-24T16:57:00", "value": "\u7b49\u5f85\u4ed8\u6b3e", "lft": 6, "tree_id": 21, "deleted_at": null}, "model": "adminlte.systemconfig", "pk": 57}, {"fields": {"status": 1, "rght": 5, "level": 1, "name": "part", "parent": 56, "creator": null, "created_at": "2015-12-24T16:57:00", "title": "\u90e8\u5206\u4ed8\u6b3e", "updated_at": "2015-12-24T16:57:00", "value": "\u90e8\u5206\u4ed8\u6b3e", "lft": 4, "tree_id": 21, "deleted_at": null}, "model": "adminlte.systemconfig", "pk": 58}, {"fields": {"status": 1, "rght": 3, "level": 1, "name": "all_done", "parent": 56, "creator": null, "created_at": "2015-12-24T16:58:00", "title": "\u4ed8\u6b3e\u5b8c\u6210", "updated_at": "2015-12-24T16:58:00", "value": "\u4ed8\u6b3e\u5b8c\u6210", "lft": 2, "tree_id": 21, "deleted_at": null}, "model": "adminlte.systemconfig", "pk": 59}, {"fields": {"status": 1, "rght": 6, "level": 0, "name": "delivery_status", "parent": null, "creator": null, "created_at": "2015-12-24T16:58:00", "title": "\u4ea4\u4ed8\u72b6\u6001", "updated_at": "2015-12-24T16:58:00", "value": "\u4ea4\u4ed8\u72b6\u6001", "lft": 1, "tree_id": 19, "deleted_at": null}, "model": "adminlte.systemconfig", "pk": 60}, {"fields": {"status": 1, "rght": 5, "level": 1, "name": "undelivery", "parent": 60, "creator": null, "created_at": "2015-12-24T16:59:00", "title": "\u672a\u4ea4\u4ed8", "updated_at": "2015-12-24T16:59:00", "value": "\u672a\u4ea4\u4ed8", "lft": 4, "tree_id": 19, "deleted_at": null}, "model": "adminlte.systemconfig", "pk": 61}, {"fields": {"status": 1, "rght": 3, "level": 1, "name": "deliveried", "parent": 60, "creator": null, "created_at": "2015-12-24T16:59:00", "title": "\u5df2\u4ea4\u4ed8", "updated_at": "2015-12-24T16:59:00", "value": "\u5df2\u4ea4\u4ed8", "lft": 2, "tree_id": 19, "deleted_at": null}, "model": "adminlte.systemconfig", "pk": 62}, {"fields": {"status": 1, "rght": 6, "level": 0, "name": "contract_status", "parent": null, "creator": null, "created_at": "2015-12-24T17:00:00", "title": "\u5408\u540c\u72b6\u6001", "updated_at": "2015-12-24T17:00:00", "value": "\u5408\u540c\u72b6\u6001", "lft": 1, "tree_id": 14, "deleted_at": null}, "model": "adminlte.systemconfig", "pk": 63}, {"fields": {"status": 1, "rght": 5, "level": 1, "name": "sign_wait", "parent": 63, "creator": null, "created_at": "2015-12-24T17:00:00", "title": "\u5f85\u7b7e\u7f72", "updated_at": "2015-12-24T17:00:00", "value": "\u5f85\u7b7e\u7f72", "lft": 4, "tree_id": 14, "deleted_at": null}, "model": "adminlte.systemconfig", "pk": 64}, {"fields": {"status": 1, "rght": 3, "level": 1, "name": "sign_done", "parent": 63, "creator": null, "created_at": "2015-12-24T17:01:00", "title": "\u5df2\u7b7e\u7f72", "updated_at": "2015-12-24T17:01:00", "value": "\u5df2\u7b7e\u7f72", "lft": 2, "tree_id": 14, "deleted_at": null}, "model": "adminlte.systemconfig", "pk": 65}]